"YEAR","species","scenario","quantity","component","green_tons_acre_year","green_tons_per_year","per_acre_se_percent","total_se_percent","total_se_tons_per_year","per_acre_se_tons_year","area_plots","nonreserved_acres","area_se_percent","coverage","allocation","green_ratio_used","component_plots","excluded_unlinked"
2019,"Douglas-fir","reach","boughs","net_change",0.0008431366817366,318.125594929978,446.099332857774,445.365043653984,1416.82019473439,0.00376122711230614,168,377312.00862325,7.43352415574351,"High Cascades Ranger District proxy","cone",2.42,77,1
2019,"Douglas-fir","reach","boughs","gross_accrual",0.00513373824779221,1937.02109002048,23.8062614684352,24.1966185456025,468.693604300128,0.00122215115037448,168,377312.00862325,7.43352415574351,"High Cascades Ranger District proxy","cone",2.42,32,1
2019,"Douglas-fir","reach","boughs","survivor_loss",-0.0118719079542073,-4479.41343639228,19.0129846820141,20.3049435207398,909.542368319882,0.00225720404079624,168,377312.00862325,7.43352415574351,"High Cascades Ranger District proxy","cone",2.42,44,1
2019,"Douglas-fir","reach","boughs","ingrowth_gain",0.0111995427426004,4225.72196787249,21.296877270103,21.929501441151,926.679759843634,0.00238515287270433,168,377312.00862325,7.43352415574351,"High Cascades Ranger District proxy","cone",2.42,44,1
2019,"Douglas-fir","reach","boughs","mortality_loss",0.00158581420753277,598.346743947477,70.4922275192385,70.7448871608564,423.299728836301,0.00111787575920641,168,377312.00862325,7.43352415574351,"High Cascades Ranger District proxy","cone",2.42,6,1
2019,"Douglas-fir","reach","boughs","removal_loss",0.00203242214691596,766.857282623238,50.9144392856259,52.319125215665,401.213021921098,0.00103479634001914,168,377312.00862325,7.43352415574351,"High Cascades Ranger District proxy","cone",2.42,6,1
2019,"Douglas-fir","reach","foliage_only","net_change",1.7190494067358e-05,6.48617984578092,6907.65407068949,6906.88111358597,447.992730761462,0.00118745986321549,168,377312.00862325,7.43352415574351,"High Cascades Ranger District proxy","cone",2.42,77,1
2019,"Douglas-fir","reach","foliage_only","gross_accrual",0.0014131392737858,533.194417856522,24.31499281635,24.6995581042198,131.696665046928,0.000343604712906039,168,377312.00862325,7.43352415574351,"High Cascades Ranger District proxy","cone",2.42,32,1
2019,"Douglas-fir","reach","foliage_only","survivor_loss",-0.00383931759132809,-1448.62063212658,18.4035542934196,19.7687785296669,286.374604500165,0.000706570897416876,168,377312.00862325,7.43352415574351,"High Cascades Ranger District proxy","cone",2.42,44,1
2019,"Douglas-fir","reach","foliage_only","ingrowth_gain",0.00365367700410025,1378.57620927764,21.3761288551532,22.0114791721019,303.445015176701,0.000781014704347571,168,377312.00862325,7.43352415574351,"High Cascades Ranger District proxy","cone",2.42,44,1
2019,"Douglas-fir","reach","foliage_only","mortality_loss",0.000557731258145432,210.438701282825,73.3365858605965,73.5815793373179,154.844119940844,0.000409021063001209,168,377312.00862325,7.43352415574351,"High Cascades Ranger District proxy","cone",2.42,6,1
2019,"Douglas-fir","reach","foliage_only","removal_loss",0.000652576934345163,246.225113878976,50.5822217670104,51.9388095522429,127.886392967395,0.000330087912130828,168,377312.00862325,7.43352415574351,"High Cascades Ranger District proxy","cone",2.42,6,1
2019,"Douglas-fir","rule","boughs","net_change",0.0162479859257525,6130.56020572797,55.9218546230483,55.780179532631,3419.63748911109,0.00908617506857265,168,377312.00862325,7.43352415574351,"High Cascades Ranger District proxy","cone",2.42,107,1
2019,"Douglas-fir","rule","boughs","gross_accrual",0.0349615787946025,13191.4235196315,17.0738190344883,17.7092508486583,2336.10228160045,0.00596927669499046,168,377312.00862325,7.43352415574351,"High Cascades Ranger District proxy","cone",2.42,66,1
2019,"Douglas-fir","rule","boughs","survivor_loss",-0.0258215872542768,-9742.79495275169,18.6966291366036,19.6744418425976,1916.84052682266,0.00482776640611664,168,377312.00862325,7.43352415574351,"High Cascades Ranger District proxy","cone",2.42,61,1
2019,"Douglas-fir","rule","boughs","ingrowth_gain",0.0120730154952961,4555.29372666979,21.3106712760746,21.950101661827,999.891603998848,0.00257284064531209,168,377312.00862325,7.43352415574351,"High Cascades Ranger District proxy","cone",2.42,44,1
2019,"Douglas-fir","rule","boughs","mortality_loss",0.00251291035476994,948.151253448409,53.3558871725558,53.6923010297263,509.084225218643,0.00134078561363852,168,377312.00862325,7.43352415574351,"High Cascades Ranger District proxy","cone",2.42,7,1
2019,"Douglas-fir","rule","boughs","removal_loss",0.00245211075509935,925.210834373212,48.8441400965593,50.0992417535502,463.523612642675,0.00119771241254353,168,377312.00862325,7.43352415574351,"High Cascades Ranger District proxy","cone",2.42,6,1
2019,"Douglas-fir","rule","foliage_only","net_change",0.00400557875611002,1511.35296616649,55.9401836020556,55.706449105835,841.921070907064,0.00224072811049288,168,377312.00862325,7.43352415574351,"High Cascades Ranger District proxy","cone",2.42,107,1
2019,"Douglas-fir","rule","foliage_only","gross_accrual",0.007866151578979,2967.99345239952,16.811996869218,17.4652898286169,518.368658555949,0.00132245715718589,168,377312.00862325,7.43352415574351,"High Cascades Ranger District proxy","cone",2.42,66,1
2019,"Douglas-fir","rule","foliage_only","survivor_loss",-0.00622037834241635,-2347.02344677368,17.9017766486337,19.0639808413894,447.436100235851,0.00111355823755936,168,377312.00862325,7.43352415574351,"High Cascades Ranger District proxy","cone",2.42,61,1
2019,"Douglas-fir","rule","foliage_only","ingrowth_gain",0.00392696344042117,1481.69046349538,21.3418025910638,21.9846748162045,325.744830182172,0.000838084785277933,168,377312.00862325,7.43352415574351,"High Cascades Ranger District proxy","cone",2.42,44,1
2019,"Douglas-fir","rule","foliage_only","mortality_loss",0.000801979599069793,302.596533399893,57.2424347483204,57.5622441445089,174.181355328466,0.000459072648692368,168,377312.00862325,7.43352415574351,"High Cascades Ranger District proxy","cone",2.42,7,1
2019,"Douglas-fir","rule","foliage_only","removal_loss",0.000765178321804004,288.710969554837,48.3404197475425,49.5865105371029,143.161695340081,0.000369890412577257,168,377312.00862325,7.43352415574351,"High Cascades Ranger District proxy","cone",2.42,6,1
2019,"Incense-cedar","reach","boughs","net_change",-0.0113311048797925,-4275.36194211522,92.9710471663279,94.267005658205,4030.25568388249,0.010534646862258,168,377312.00862325,7.43352415574351,"High Cascades Ranger District proxy","cone",2.42,17,2
2019,"Incense-cedar","reach","boughs","gross_accrual",0.00119412085192635,450.556137179236,43.7501065544976,43.9980748015781,198.236026259221,0.00052242914510725,168,377312.00862325,7.43352415574351,"High Cascades Ranger District proxy","cone",2.42,9,2
2019,"Incense-cedar","reach","boughs","survivor_loss",-0.00631020814280562,-2380.91730919278,76.0947155346073,77.417208155515,1843.23970926846,0.00480173493590956,168,377312.00862325,7.43352415574351,"High Cascades Ranger District proxy","cone",2.42,6,2
2019,"Incense-cedar","reach","boughs","ingrowth_gain",0.000468074426764119,176.610102147546,53.2294066211973,54.3379615941554,95.9663294763321,0.000249153239912111,168,377312.00862325,7.43352415574351,"High Cascades Ranger District proxy","cone",2.42,4,2
2019,"Incense-cedar","reach","boughs","mortality_loss",0.000179176544126636,67.6054617625936,73.489206634002,73.6536373834181,49.7938816580061,0.000131675420752887,168,377312.00862325,7.43352415574351,"High Cascades Ranger District proxy","cone",2.42,2,2
2019,"Incense-cedar","reach","boughs","removal_loss",0.0065039154715507,2454.00541048663,90.6113040409812,91.9135230466477,2255.56282853361,0.00589328262249522,168,377312.00862325,7.43352415574351,"High Cascades Ranger District proxy","cone",2.42,1,2
2019,"Incense-cedar","reach","foliage_only","net_change",-0.00291865514041485,-1101.2436335085,93.7104679790301,95.0031379520485,1046.21600833023,0.00273508539077677,168,377312.00862325,7.43352415574351,"High Cascades Ranger District proxy","cone",2.42,17,2
2019,"Incense-cedar","reach","foliage_only","gross_accrual",0.000371267238566532,140.083587519546,43.111488065918,43.370299335371,60.7546712269532,0.000160058831247274,168,377312.00862325,7.43352415574351,"High Cascades Ranger District proxy","cone",2.42,9,2
2019,"Incense-cedar","reach","foliage_only","survivor_loss",-0.00156213697349367,-589.413039213542,72.5020540097901,73.826392283557,435.142382500225,0.00113258139222928,168,377312.00862325,7.43352415574351,"High Cascades Ranger District proxy","cone",2.42,6,2
2019,"Incense-cedar","reach","foliage_only","ingrowth_gain",0.000154421056736993,58.2649190911598,52.4853919329868,53.5577575315664,31.2053840928067,8.10484968554707e-05,168,377312.00862325,7.43352415574351,"High Cascades Ranger District proxy","cone",2.42,4,2
2019,"Incense-cedar","reach","foliage_only","mortality_loss",5.73357196784546e-05,21.6334555577373,72.1024123479225,72.2699984398979,15.6344979940728,4.13404370252082e-05,168,377312.00862325,7.43352415574351,"High Cascades Ranger District proxy","cone",2.42,2,2
2019,"Incense-cedar","reach","foliage_only","removal_loss",0.00182487074254625,688.545645347927,90.6113040409812,91.9135230466477,632.866560423556,0.00165353917688349,168,377312.00862325,7.43352415574351,"High Cascades Ranger District proxy","cone",2.42,1,2
2019,"Incense-cedar","rule","boughs","net_change",-0.0178379412205055,-6730.46943161242,92.2788831460345,93.5814585646928,6298.47146235369,0.0164606529345286,168,377312.00862325,7.43352415574351,"High Cascades Ranger District proxy","cone",2.42,23,2
2019,"Incense-cedar","rule","boughs","gross_accrual",0.00185909103738897,701.457373530712,31.2995406567924,31.6823470938941,222.238159797714,0.000581886955094342,168,377312.00862325,7.43352415574351,"High Cascades Ranger District proxy","cone",2.42,13,2
2019,"Incense-cedar","rule","boughs","survivor_loss",-0.0069304666260604,-2614.94828337525,69.3852347282108,70.7359623594418,1849.70883344719,0.00480872053625233,168,377312.00862325,7.43352415574351,"High Cascades Ranger District proxy","cone",2.42,10,2
2019,"Incense-cedar","rule","boughs","ingrowth_gain",0.000468074426764119,176.610102147546,53.2294066211973,54.3379615941554,95.9663294763321,0.000249153239912111,168,377312.00862325,7.43352415574351,"High Cascades Ranger District proxy","cone",2.42,4,2
2019,"Incense-cedar","rule","boughs","mortality_loss",0.000179176544126636,67.6054617625936,73.489206634002,73.6536373834181,49.7938816580061,0.000131675420752887,168,377312.00862325,7.43352415574351,"High Cascades Ranger District proxy","cone",2.42,2,2
2019,"Incense-cedar","rule","boughs","removal_loss",0.0130554635144716,4925.98316215283,90.6113040409812,91.9135230466477,4527.64466901933,0.0118297257390572,168,377312.00862325,7.43352415574351,"High Cascades Ranger District proxy","cone",2.42,1,2
2019,"Incense-cedar","rule","foliage_only","net_change",-0.00457996813261867,-1728.07697554883,92.5377536267274,93.8414832148112,1621.65306494867,0.0042381996267453,168,377312.00862325,7.43352415574351,"High Cascades Ranger District proxy","cone",2.42,23,2
2019,"Incense-cedar","rule","foliage_only","gross_accrual",0.00062673473221916,236.474540687566,30.8344167825546,31.2345354631056,73.8617242722739,0.000193249999453483,168,377312.00862325,7.43352415574351,"High Cascades Ranger District proxy","cone",2.42,13,2
2019,"Incense-cedar","rule","foliage_only","survivor_loss",-0.00181832559906832,-686.076084115542,62.8222785841267,64.1912459854865,440.4007868022,0.00114231357341319,168,377312.00862325,7.43352415574351,"High Cascades Ranger District proxy","cone",2.42,10,2
2019,"Incense-cedar","rule","foliage_only","ingrowth_gain",0.000154421056736993,58.2649190911598,52.4853919329868,53.5577575315664,31.2053840928067,8.10484968554707e-05,168,377312.00862325,7.43352415574351,"High Cascades Ranger District proxy","cone",2.42,4,2
2019,"Incense-cedar","rule","foliage_only","mortality_loss",5.73357196784546e-05,21.6334555577373,72.1024123479225,72.2699984398979,15.6344979940728,4.13404370252082e-05,168,377312.00862325,7.43352415574351,"High Cascades Ranger District proxy","cone",2.42,2,2
2019,"Incense-cedar","rule","foliage_only","removal_loss",0.00348546260282805,1315.10689565427,90.6113040409812,91.9135230466477,1208.76107962524,0.00315822311628322,168,377312.00862325,7.43352415574351,"High Cascades Ranger District proxy","cone",2.42,1,2
2019,"Ponderosa pine","reach","boughs","net_change",-0.00226247977228331,-853.660787349691,106.636414802718,106.582608320824,909.853933369379,0.00241262731479962,168,377312.00862325,7.43352415574351,"High Cascades Ranger District proxy","cone",2.42,16,1
2019,"Ponderosa pine","reach","boughs","gross_accrual",0.00252349997039592,952.146842590798,46.8054341395236,46.8947796060206,446.507163358639,0.00118113511665456,168,377312.00862325,7.43352415574351,"High Cascades Ranger District proxy","cone",2.42,6,1
2019,"Ponderosa pine","reach","boughs","survivor_loss",-0.0058315214761424,-2200.30308149291,43.9917967096615,44.2113991364619,972.7847775707,0.00256539107286481,168,377312.00862325,7.43352415574351,"High Cascades Ranger District proxy","cone",2.42,10,1
2019,"Ponderosa pine","reach","boughs","ingrowth_gain",0.00104554173346316,394.495451552419,48.6772242708085,49.8209456011309,196.541364316867,0.000508940694442761,168,377312.00862325,7.43352415574351,"High Cascades Ranger District proxy","cone",2.42,8,1
2019,"Ponderosa pine","reach","boughs","mortality_loss",0,0,NA,NA,NA,NA,168,377312.00862325,7.43352415574351,"High Cascades Ranger District proxy","cone",2.42,0,1
2019,"Ponderosa pine","reach","boughs","removal_loss",0,0,NA,NA,NA,NA,168,377312.00862325,7.43352415574351,"High Cascades Ranger District proxy","cone",2.42,0,1
2019,"Ponderosa pine","reach","foliage_only","net_change",-0.000599242800022926,-226.101504529671,98.0985347199526,98.0299690776427,221.647234974521,0.000587848406237306,168,377312.00862325,7.43352415574351,"High Cascades Ranger District proxy","cone",2.42,16,1
2019,"Ponderosa pine","reach","foliage_only","gross_accrual",0.000575448166965292,217.123503736242,46.6257173112892,46.7115275226007,101.42170520579,0.000268306835602233,168,377312.00862325,7.43352415574351,"High Cascades Ranger District proxy","cone",2.42,6,1
2019,"Ponderosa pine","reach","foliage_only","survivor_loss",-0.00146726670391496,-553.617347240171,42.8992479768007,43.1284727268519,238.766706615598,0.000629446381793511,168,377312.00862325,7.43352415574351,"High Cascades Ranger District proxy","cone",2.42,10,1
2019,"Ponderosa pine","reach","foliage_only","ingrowth_gain",0.000292575736926746,110.392338974258,47.944933829825,49.0856489538685,54.186795980869,0.000140275243471651,168,377312.00862325,7.43352415574351,"High Cascades Ranger District proxy","cone",2.42,8,1
2019,"Ponderosa pine","reach","foliage_only","mortality_loss",0,0,NA,NA,NA,NA,168,377312.00862325,7.43352415574351,"High Cascades Ranger District proxy","cone",2.42,0,1
2019,"Ponderosa pine","reach","foliage_only","removal_loss",0,0,NA,NA,NA,NA,168,377312.00862325,7.43352415574351,"High Cascades Ranger District proxy","cone",2.42,0,1
2019,"Ponderosa pine","rule","boughs","net_change",-0.00108312549810035,-408.676257279303,246.756840189283,246.693726873807,1008.1786899307,0.00267268625439686,168,377312.00862325,7.43352415574351,"High Cascades Ranger District proxy","cone",2.42,18,1
2019,"Ponderosa pine","rule","boughs","gross_accrual",0.00341074186526771,1286.91386407957,44.4570452432489,44.5519769754913,573.345568419136,0.0015163150541725,168,377312.00862325,7.43352415574351,"High Cascades Ranger District proxy","cone",2.42,7,1
2019,"Ponderosa pine","rule","boughs","survivor_loss",-0.00553940909683122,-2090.08557291129,43.0179625551803,43.2541493634138,904.048735530212,0.00238294093105311,168,377312.00862325,7.43352415574351,"High Cascades Ranger District proxy","cone",2.42,11,1
2019,"Ponderosa pine","rule","boughs","ingrowth_gain",0.00104554173346316,394.495451552419,48.6772242708085,49.8209456011309,196.541364316867,0.000508940694442761,168,377312.00862325,7.43352415574351,"High Cascades Ranger District proxy","cone",2.42,8,1
2019,"Ponderosa pine","rule","boughs","mortality_loss",0,0,NA,NA,NA,NA,168,377312.00862325,7.43352415574351,"High Cascades Ranger District proxy","cone",2.42,0,1
2019,"Ponderosa pine","rule","boughs","removal_loss",0,0,NA,NA,NA,NA,168,377312.00862325,7.43352415574351,"High Cascades Ranger District proxy","cone",2.42,0,1
2019,"Ponderosa pine","rule","foliage_only","net_change",-0.000325976595063243,-122.99488384748,193.95085919158,193.87424910536,238.455407497311,0.000632234406888618,168,377312.00862325,7.43352415574351,"High Cascades Ranger District proxy","cone",2.42,18,1
2019,"Ponderosa pine","rule","foliage_only","gross_accrual",0.000772889374689395,291.620442407623,44.3219123861737,44.4136734375648,129.519350968103,0.000342559351491879,168,377312.00862325,7.43352415574351,"High Cascades Ranger District proxy","cone",2.42,7,1
2019,"Ponderosa pine","rule","foliage_only","survivor_loss",-0.00139144170667938,-525.007665229362,41.7210751665357,41.9700338542593,220.345894834219,0.000580524440342234,168,377312.00862325,7.43352415574351,"High Cascades Ranger District proxy","cone",2.42,11,1
2019,"Ponderosa pine","rule","foliage_only","ingrowth_gain",0.000292575736926746,110.392338974258,47.944933829825,49.0856489538685,54.186795980869,0.000140275243471651,168,377312.00862325,7.43352415574351,"High Cascades Ranger District proxy","cone",2.42,8,1
2019,"Ponderosa pine","rule","foliage_only","mortality_loss",0,0,NA,NA,NA,NA,168,377312.00862325,7.43352415574351,"High Cascades Ranger District proxy","cone",2.42,0,1
2019,"Ponderosa pine","rule","foliage_only","removal_loss",0,0,NA,NA,NA,NA,168,377312.00862325,7.43352415574351,"High Cascades Ranger District proxy","cone",2.42,0,1
2019,"Shasta red fir (with California and noble)","reach","boughs","net_change",-0.000832134953042554,-313.9745105781,202.777513745272,202.870113793641,636.960446892821,0.00168738256878508,168,377312.00862325,7.43352415574351,"High Cascades Ranger District proxy","cone",2.42,23,4
2019,"Shasta red fir (with California and noble)","reach","boughs","gross_accrual",0.00245351864084387,925.742046571388,47.4555006556885,47.6753079367638,441.350371403008,0.0011643295546931,168,377312.00862325,7.43352415574351,"High Cascades Ranger District proxy","cone",2.42,15,4
2019,"Shasta red fir (with California and noble)","reach","boughs","survivor_loss",-0.00395450808974692,-1492.0833904593,48.833018764429,49.08546800928,732.396115295682,0.00193110567750698,168,377312.00862325,7.43352415574351,"High Cascades Ranger District proxy","cone",2.42,10,4
2019,"Shasta red fir (with California and noble)","reach","boughs","ingrowth_gain",0.000791431110449937,298.616461970795,46.5949197249015,46.8230279128718,139.821269341015,0.000368766690592045,168,377312.00862325,7.43352415574351,"High Cascades Ranger District proxy","cone",2.42,8,4
2019,"Shasta red fir (with California and noble)","reach","boughs","mortality_loss",0.00012257661458944,46.2496286609797,73.7719907783633,73.8644550843694,34.162036188977,9.04272088113518e-05,168,377312.00862325,7.43352415574351,"High Cascades Ranger District proxy","cone",2.42,2,4
2019,"Shasta red fir (with California and noble)","reach","boughs","removal_loss",0,0,NA,NA,NA,NA,168,377312.00862325,7.43352415574351,"High Cascades Ranger District proxy","cone",2.42,0,4
2019,"Shasta red fir (with California and noble)","reach","foliage_only","net_change",-0.00028031025587518,-105.764425681961,154.672429843644,154.786472048134,163.709023195079,0.000433562683863077,168,377312.00862325,7.43352415574351,"High Cascades Ranger District proxy","cone",2.42,23,4
2019,"Shasta red fir (with California and noble)","reach","foliage_only","gross_accrual",0.00062334084729046,235.193987148082,45.1654046617696,45.388376812122,106.750733126225,0.00028153441610084,168,377312.00862325,7.43352415574351,"High Cascades Ranger District proxy","cone",2.42,15,4
2019,"Shasta red fir (with California and noble)","reach","foliage_only","survivor_loss",-0.001112846544265,-419.890364906071,47.1958616188759,47.453840572466,199.254104341673,0.000525217515061754,168,377312.00862325,7.43352415574351,"High Cascades Ranger District proxy","cone",2.42,10,4
2019,"Shasta red fir (with California and noble)","reach","foliage_only","ingrowth_gain",0.000248097857331063,93.610300884708,45.3760257120147,45.6071378693115,42.6929789843661,0.000112576947533501,168,377312.00862325,7.43352415574351,"High Cascades Ranger District proxy","cone",2.42,8,4
2019,"Shasta red fir (with California and noble)","reach","foliage_only","mortality_loss",3.89024162317004e-05,14.6783488086806,74.3452283828373,74.4354415189066,10.9258937434266,2.89220901938996e-05,168,377312.00862325,7.43352415574351,"High Cascades Ranger District proxy","cone",2.42,2,4
2019,"Shasta red fir (with California and noble)","reach","foliage_only","removal_loss",0,0,NA,NA,NA,NA,168,377312.00862325,7.43352415574351,"High Cascades Ranger District proxy","cone",2.42,0,4
2019,"Shasta red fir (with California and noble)","rule","boughs","net_change",-0.0062091336869921,-2342.78070324927,84.9173220008459,85.0929269454225,1993.54067230736,0.00527263004644607,168,377312.00862325,7.43352415574351,"High Cascades Ranger District proxy","cone",2.42,27,4
2019,"Shasta red fir (with California and noble)","rule","boughs","gross_accrual",0.00461186470958264,1740.11193707131,32.448020074903,32.7468817409932,569.832398193647,0.00149645878679275,168,377312.00862325,7.43352415574351,"High Cascades Ranger District proxy","cone",2.42,18,4
2019,"Shasta red fir (with California and noble)","rule","boughs","survivor_loss",-0.0114898528924352,-4335.2594736304,48.1155887227203,48.3775387210835,2097.29183051499,0.00552841036256973,168,377312.00862325,7.43352415574351,"High Cascades Ranger District proxy","cone",2.42,12,4
2019,"Shasta red fir (with California and noble)","rule","boughs","ingrowth_gain",0.000791431110449937,298.616461970795,46.5949197249015,46.8230279128718,139.821269341015,0.000368766690592045,168,377312.00862325,7.43352415574351,"High Cascades Ranger District proxy","cone",2.42,8,4
2019,"Shasta red fir (with California and noble)","rule","boughs","mortality_loss",0.00012257661458944,46.2496286609797,73.7719907783633,73.8644550843694,34.162036188977,9.04272088113518e-05,168,377312.00862325,7.43352415574351,"High Cascades Ranger District proxy","cone",2.42,2,4
2019,"Shasta red fir (with California and noble)","rule","boughs","removal_loss",0,0,NA,NA,NA,NA,168,377312.00862325,7.43352415574351,"High Cascades Ranger District proxy","cone",2.42,0,4
2019,"Shasta red fir (with California and noble)","rule","foliage_only","net_change",-0.00214300146113608,-808.580185783814,87.7283649553627,87.8897440035196,710.659055348578,0.00188002014282421,168,377312.00862325,7.43352415574351,"High Cascades Ranger District proxy","cone",2.42,27,4
2019,"Shasta red fir (with California and noble)","rule","foliage_only","gross_accrual",0.00109424473026069,412.871677100069,32.9809715969249,33.2606365296712,137.323747854212,0.000360892543688128,168,377312.00862325,7.43352415574351,"High Cascades Ranger District proxy","cone",2.42,17,4
2019,"Shasta red fir (with California and noble)","rule","foliage_only","survivor_loss",-0.00344644163249614,-1300.38381495991,55.1939035560562,55.4187109298605,720.655947391325,0.00190222567075569,168,377312.00862325,7.43352415574351,"High Cascades Ranger District proxy","cone",2.42,12,4
2019,"Shasta red fir (with California and noble)","rule","foliage_only","ingrowth_gain",0.000248097857331063,93.610300884708,45.3760257120147,45.6071378693115,42.6929789843661,0.000112576947533501,168,377312.00862325,7.43352415574351,"High Cascades Ranger District proxy","cone",2.42,8,4
2019,"Shasta red fir (with California and noble)","rule","foliage_only","mortality_loss",3.89024162317004e-05,14.6783488086806,74.3452283828373,74.4354415189066,10.9258937434266,2.89220901938996e-05,168,377312.00862325,7.43352415574351,"High Cascades Ranger District proxy","cone",2.42,2,4
2019,"Shasta red fir (with California and noble)","rule","foliage_only","removal_loss",0,0,NA,NA,NA,NA,168,377312.00862325,7.43352415574351,"High Cascades Ranger District proxy","cone",2.42,0,4
2019,"Western white pine","reach","boughs","net_change",-0.000841168321378441,-317.382908929547,52.8564295034512,52.8480768948144,167.730763762086,0.000444611540794759,168,377312.00862325,7.43352415574351,"High Cascades Ranger District proxy","cone",2.42,8,1
2019,"Western white pine","reach","boughs","gross_accrual",8.26423926946261e-05,31.1819671850408,101.575596646066,101.615780075592,31.6857991979942,8.39445034621513e-05,168,377312.00862325,7.43352415574351,"High Cascades Ranger District proxy","cone",2.42,1,1
2019,"Western white pine","reach","boughs","survivor_loss",-0.00102189313235397,-385.572550366781,50.638461442931,50.6605210485259,195.333063035901,0.000517470959815024,168,377312.00862325,7.43352415574351,"High Cascades Ranger District proxy","cone",2.42,8,1
2019,"Western white pine","reach","boughs","ingrowth_gain",0.000554255428245463,209.127228921635,67.1607967148903,67.2767618562754,140.694027778237,0.00037224236144518,168,377312.00862325,7.43352415574351,"High Cascades Ranger District proxy","cone",2.42,3,1
2019,"Western white pine","reach","boughs","mortality_loss",0.000456173009964561,172.119554669443,84.8890206604968,84.9701902047529,146.250312982199,0.000387240800676426,168,377312.00862325,7.43352415574351,"High Cascades Ranger District proxy","cone",2.42,2,1
2019,"Western white pine","reach","boughs","removal_loss",0,0,NA,NA,NA,NA,168,377312.00862325,7.43352415574351,"High Cascades Ranger District proxy","cone",2.42,0,1
2019,"Western white pine","reach","foliage_only","net_change",-0.000287742385633983,-108.568657489604,53.5788779748286,53.6866929323408,58.2869217672085,0.000154169141680692,168,377312.00862325,7.43352415574351,"High Cascades Ranger District proxy","cone",2.42,8,1
2019,"Western white pine","reach","foliage_only","gross_accrual",2.15662577079227e-05,8.13720801426298,101.575596646066,101.615780075592,8.26868740006687,2.19060549410507e-05,168,377312.00862325,7.43352415574351,"High Cascades Ranger District proxy","cone",2.42,1,1
2019,"Western white pine","reach","foliage_only","survivor_loss",-0.000326098076359185,-123.040720199262,47.5677218774129,47.709210900531,58.7017566933981,0.00015511742601013,168,377312.00862325,7.43352415574351,"High Cascades Ranger District proxy","cone",2.42,8,1
2019,"Western white pine","reach","foliage_only","ingrowth_gain",0.000246814956538029,93.126247009624,67.282859989631,67.3956251157086,62.763016318935,0.000166064161640951,168,377312.00862325,7.43352415574351,"High Cascades Ranger District proxy","cone",2.42,3,1
2019,"Western white pine","reach","foliage_only","mortality_loss",0.00023002552352075,86.7913923142289,88.4758079272449,88.5459501158665,76.8502629434232,0.000203516940373859,168,377312.00862325,7.43352415574351,"High Cascades Ranger District proxy","cone",2.42,2,1
2019,"Western white pine","reach","foliage_only","removal_loss",0,0,NA,NA,NA,NA,168,377312.00862325,7.43352415574351,"High Cascades Ranger District proxy","cone",2.42,0,1
2019,"Western white pine","rule","boughs","net_change",-0.000190699670264718,-71.9532756313722,350.281305176878,350.394214810773,252.120115179178,0.000667985293971256,168,377312.00862325,7.43352415574351,"High Cascades Ranger District proxy","cone",2.42,12,1
2019,"Western white pine","rule","boughs","gross_accrual",0.000979322235821659,369.510039887282,61.6863094532487,61.7368158443643,228.123732851649,0.000604107744933423,168,377312.00862325,7.43352415574351,"High Cascades Ranger District proxy","cone",2.42,6,1
2019,"Western white pine","rule","boughs","survivor_loss",-0.00128588354045637,-485.179301505168,44.563591767942,44.7698049747985,217.213827061953,0.000573035891580135,168,377312.00862325,7.43352415574351,"High Cascades Ranger District proxy","cone",2.42,10,1
2019,"Western white pine","rule","boughs","ingrowth_gain",0.000572034644334552,215.835540655956,67.9286931449519,68.0416537458121,146.858071233527,0.000388575658232835,168,377312.00862325,7.43352415574351,"High Cascades Ranger District proxy","cone",2.42,3,1
2019,"Western white pine","rule","boughs","mortality_loss",0.000456173009964561,172.119554669443,84.8890206604968,84.9701902047529,146.250312982199,0.000387240800676426,168,377312.00862325,7.43352415574351,"High Cascades Ranger District proxy","cone",2.42,2,1
2019,"Western white pine","rule","boughs","removal_loss",0,0,NA,NA,NA,NA,168,377312.00862325,7.43352415574351,"High Cascades Ranger District proxy","cone",2.42,0,1
2019,"Western white pine","rule","foliage_only","net_change",-0.000220441663010489,-83.1752866547373,77.1059036941337,77.2195352796186,64.2275698222788,0.000169973536382615,168,377312.00862325,7.43352415574351,"High Cascades Ranger District proxy","cone",2.42,12,1
2019,"Western white pine","rule","foliage_only","gross_accrual",0.000148175072869982,55.9082343724693,62.669147224992,62.7678941678084,35.0924213820018,9.2860054567628e-05,168,377312.00862325,7.43352415574351,"High Cascades Ranger District proxy","cone",2.42,5,1
2019,"Western white pine","rule","foliage_only","survivor_loss",-0.000392682097028225,-148.16367078011,40.0400707494886,40.2510750236753,59.6374702835332,0.000157230189470677,168,377312.00862325,7.43352415574351,"High Cascades Ranger District proxy","cone",2.42,11,1
2019,"Western white pine","rule","foliage_only","ingrowth_gain",0.000254090884668504,95.8715420671319,67.9957321145971,68.105840741072,65.2941197562507,0.000172770957266806,168,377312.00862325,7.43352415574351,"High Cascades Ranger District proxy","cone",2.42,3,1
2019,"Western white pine","rule","foliage_only","mortality_loss",0.00023002552352075,86.7913923142289,88.4758079272449,88.5459501158665,76.8502629434232,0.000203516940373859,168,377312.00862325,7.43352415574351,"High Cascades Ranger District proxy","cone",2.42,2,1
2019,"Western white pine","rule","foliage_only","removal_loss",0,0,NA,NA,NA,NA,168,377312.00862325,7.43352415574351,"High Cascades Ranger District proxy","cone",2.42,0,1
2019,"White and grand fir","reach","boughs","net_change",-0.00683121618819658,-2577.49990130812,123.794298746896,125.439007845316,3233.19030341489,0.00845665617606241,168,377312.00862325,7.43352415574351,"High Cascades Ranger District proxy","cone",2.42,86,1
2019,"White and grand fir","reach","boughs","gross_accrual",0.00631613218162924,2383.15252018048,23.8819021378524,24.6260366561328,586.876013191197,0.0015084125065141,168,377312.00862325,7.43352415574351,"High Cascades Ranger District proxy","cone",2.42,40,1
2019,"White and grand fir","reach","boughs","survivor_loss",-0.0147599675324669,-5569.11299688905,57.6211902162639,59.4835260197289,3312.70477857261,0.00850486896774156,168,377312.00862325,7.43352415574351,"High Cascades Ranger District proxy","cone",2.42,41,1
2019,"White and grand fir","reach","boughs","ingrowth_gain",0.00332219692201359,1253.50479368693,19.8173626850696,21.4871414087903,269.342347585475,0.000658371813147651,168,377312.00862325,7.43352415574351,"High Cascades Ranger District proxy","cone",2.42,42,1
2019,"White and grand fir","reach","boughs","mortality_loss",0.00170957775937248,645.044218286466,34.5268732221574,34.8503832073222,224.800381929509,0.000590263745612736,168,377312.00862325,7.43352415574351,"High Cascades Ranger District proxy","cone",2.42,13,1
2019,"White and grand fir","reach","boughs","removal_loss",0,0,NA,NA,NA,NA,168,377312.00862325,7.43352415574351,"High Cascades Ranger District proxy","cone",2.42,0,1
2019,"White and grand fir","reach","foliage_only","net_change",-0.00194670880105462,-734.516607930478,130.906174667969,132.488120197215,973.147246383441,0.00254836202338528,168,377312.00862325,7.43352415574351,"High Cascades Ranger District proxy","cone",2.42,86,1
2019,"White and grand fir","reach","foliage_only","gross_accrual",0.00224631777371638,847.562671207034,22.9694499661802,23.7548787621201,201.337484978217,0.000515966837115197,168,377312.00862325,7.43352415574351,"High Cascades Ranger District proxy","cone",2.42,38,1
2019,"White and grand fir","reach","foliage_only","survivor_loss",-0.0049512034198711,-1868.14850745387,51.7369366296353,53.6127687729575,1001.5661396367,0.00256160097574305,168,377312.00862325,7.43352415574351,"High Cascades Ranger District proxy","cone",2.42,42,1
2019,"White and grand fir","reach","foliage_only","ingrowth_gain",0.00152055934560486,573.725300921024,19.3610968816376,21.0242889228461,120.621664889104,0.000294396968045351,168,377312.00862325,7.43352415574351,"High Cascades Ranger District proxy","cone",2.42,42,1
2019,"White and grand fir","reach","foliage_only","mortality_loss",0.000762382500504753,287.656072604664,34.5593028046037,34.8854566713875,100.350134571115,0.000263474076878747,168,377312.00862325,7.43352415574351,"High Cascades Ranger District proxy","cone",2.42,13,1
2019,"White and grand fir","reach","foliage_only","removal_loss",0,0,NA,NA,NA,NA,168,377312.00862325,7.43352415574351,"High Cascades Ranger District proxy","cone",2.42,0,1
2019,"White and grand fir","rule","boughs","net_change",0.0012256938893214,462.469023337102,847.467912173778,846.17361218361,3913.29084000182,0.0103873624134737,168,377312.00862325,7.43352415574351,"High Cascades Ranger District proxy","cone",2.42,108,1
2019,"White and grand fir","rule","boughs","gross_accrual",0.0337277227869664,12725.8748310385,16.1973247345134,17.3487361240332,2207.77844391162,0.00546298878536141,168,377312.00862325,7.43352415574351,"High Cascades Ranger District proxy","cone",2.42,68,1
2019,"White and grand fir","rule","boughs","survivor_loss",-0.0296346164588512,-11181.4966608688,30.619647005555,32.5105411779221,3635.16507623973,0.00907401495115036,168,377312.00862325,7.43352415574351,"High Cascades Ranger District proxy","cone",2.42,57,1
2019,"White and grand fir","rule","boughs","ingrowth_gain",0.00365467132779017,1378.95137954631,19.6996687668003,21.5816939679583,297.601066700624,0.000719958146089884,168,377312.00862325,7.43352415574351,"High Cascades Ranger District proxy","cone",2.42,42,1
2019,"White and grand fir","rule","boughs","mortality_loss",0.00467433323606508,1763.68206227413,35.433154595242,35.76380078088,630.759739159836,0.00165626372183172,168,377312.00862325,7.43352415574351,"High Cascades Ranger District proxy","cone",2.42,17,1
2019,"White and grand fir","rule","boughs","removal_loss",0.00184775053051889,697.178464104758,98.2264029203217,99.9358110229627,696.730952380525,0.00181497888106987,168,377312.00862325,7.43352415574351,"High Cascades Ranger District proxy","cone",2.42,1,1
2019,"White and grand fir","rule","foliage_only","net_change",0.000502395647398998,189.559910843694,585.893876962249,584.615086309383,1108.19583638685,0.00294350533623558,168,377312.00862325,7.43352415574351,"High Cascades Ranger District proxy","cone",2.42,108,1
2019,"White and grand fir","rule","foliage_only","gross_accrual",0.00984203601334528,3713.51837713767,15.5370290083056,16.7560005795817,622.237160796062,0.00152915999040135,168,377312.00862325,7.43352415574351,"High Cascades Ranger District proxy","cone",2.42,67,1
2019,"White and grand fir","rule","foliage_only","survivor_loss",-0.00880408209020036,-3321.88589753748,29.5019963240594,31.4370576976101,1044.30318625763,0.00259737997461808,168,377312.00862325,7.43352415574351,"High Cascades Ranger District proxy","cone",2.42,58,1
2019,"White and grand fir","rule","foliage_only","ingrowth_gain",0.00166225322829785,627.188104409545,19.2680371877519,21.136346317581,132.564649810673,0.000320283570183037,168,377312.00862325,7.43352415574351,"High Cascades Ranger District proxy","cone",2.42,42,1
2019,"White and grand fir","rule","foliage_only","mortality_loss",0.00163997694627321,618.782995694167,32.000375918016,32.3581623656676,200.22680643786,0.000524798787776225,168,377312.00862325,7.43352415574351,"High Cascades Ranger District proxy","cone",2.42,17,1
2019,"White and grand fir","rule","foliage_only","removal_loss",0.000557834557770579,210.47767747188,98.2264029203217,99.9358110229627,210.342574003819,0.000547940820344524,168,377312.00862325,7.43352415574351,"High Cascades Ranger District proxy","cone",2.42,1,1
2019,"Combined","reach","boughs","net_change",-0.0212549674329568,-8019.75445535069,70.1322788037687,72.1513748982463,5786.36310299888,0.0149065930197315,168,377312.00862325,7.43352415574351,"High Cascades Ranger District proxy","cone",2.42,121,10
2019,"Combined","reach","boughs","gross_accrual",0.0177036522852822,6679.80060372743,16.9827807772028,17.6726832167536,1180.50000020754,0.00300657245716773,168,377312.00862325,7.43352415574351,"High Cascades Ranger District proxy","cone",2.42,72,10
2019,"Combined","reach","boughs","survivor_loss",-0.0437500063277231,-16507.4027647931,24.6015659541189,26.9582682415744,4450.10991704999,0.010763186661646,168,377312.00862325,7.43352415574351,"High Cascades Ranger District proxy","cone",2.42,75,10
2019,"Combined","reach","boughs","ingrowth_gain",0.0173810423635366,6558.07600615181,15.8298578400599,17.1126571154907,1122.26106030602,0.00275139429726844,168,377312.00862325,7.43352415574351,"High Cascades Ranger District proxy","cone",2.42,76,10
2019,"Combined","reach","boughs","mortality_loss",0.00405331813558589,1529.36560732696,33.1770448747107,33.5734718176883,513.461131165334,0.00134477117675812,168,377312.00862325,7.43352415574351,"High Cascades Ranger District proxy","cone",2.42,22,10
2019,"Combined","reach","boughs","removal_loss",0.00853633761846666,3220.86269310987,69.5968134864195,71.1290258852681,2290.96825871106,0.00594101897089531,168,377312.00862325,7.43352415574351,"High Cascades Ranger District proxy","cone",2.42,7,10
2019,"Combined","reach","foliage_only","net_change",-0.00601546888893421,-2269.70864929444,70.04583722884,72.0485620692228,1635.29244497742,0.00421358554649436,168,377312.00862325,7.43352415574351,"High Cascades Ranger District proxy","cone",2.42,121,10
2019,"Combined","reach","foliage_only","gross_accrual",0.00525107955803238,1981.29537548169,16.2027522472241,16.9762002220946,336.348669932873,0.000850819411092619,168,377312.00862325,7.43352415574351,"High Cascades Ranger District proxy","cone",2.42,72,10
2019,"Combined","reach","foliage_only","survivor_loss",-0.013258869309232,-5002.7306111395,23.5140698076309,25.8687587088699,1294.14431065045,0.00311769978507537,168,377312.00862325,7.43352415574351,"High Cascades Ranger District proxy","cone",2.42,76,10
2019,"Combined","reach","foliage_only","ingrowth_gain",0.00611614595723794,2307.69531615842,15.1488999771507,16.5011393452431,380.796019782948,0.00092652883351852,168,377312.00862325,7.43352415574351,"High Cascades Ranger District proxy","cone",2.42,76,10
2019,"Combined","reach","foliage_only","mortality_loss",0.00164637741808109,621.197970568137,32.3580886662444,32.7509112778892,203.447996200819,0.000532736264723705,168,377312.00862325,7.43352415574351,"High Cascades Ranger District proxy","cone",2.42,22,10
2019,"Combined","reach","foliage_only","removal_loss",0.00247744767689141,934.770759226904,67.5213698680299,69.0713292059135,645.658588426231,0.00167280660920077,168,377312.00862325,7.43352415574351,"High Cascades Ranger District proxy","cone",2.42,7,10
2019,"Combined","rule","boughs","net_change",-0.00784722026078882,-2960.85043870729,318.115009082213,319.599574347568,9462.8653991766,0.0249631854453096,168,377312.00862325,7.43352415574351,"High Cascades Ranger District proxy","cone",2.42,146,10
2019,"Combined","rule","boughs","gross_accrual",0.0795503214296299,30015.2915652388,12.2875891725953,13.3868213569083,4018.0934615937,0.00977481668275194,168,377312.00862325,7.43352415574351,"High Cascades Ranger District proxy","cone",2.42,108,10
2019,"Combined","rule","boughs","survivor_loss",-0.0807018158689112,-30449.7642450426,18.2443682321304,20.2544152443544,6167.42169111787,0.01472353645714,168,377312.00862325,7.43352415574351,"High Cascades Ranger District proxy","cone",2.42,96,10
2019,"Combined","rule","boughs","ingrowth_gain",0.018604768738098,7019.80266254282,16.0315929419204,17.3474486968051,1217.75666550157,0.00298264079187753,168,377312.00862325,7.43352415574351,"High Cascades Ranger District proxy","cone",2.42,76,10
2019,"Combined","rule","boughs","mortality_loss",0.00794516975951565,2997.80796081556,27.4981445198023,27.980986694504,838.816246642582,0.00218477426281524,168,377312.00862325,7.43352415574351,"High Cascades Ranger District proxy","cone",2.42,26,10
2019,"Combined","rule","boughs","removal_loss",0.0173553248000898,6548.3724606308,69.3290019272908,70.985348879939,4648.38503713662,0.0120322734651419,168,377312.00862325,7.43352415574351,"High Cascades Ranger District proxy","cone",2.42,7,10
2019,"Combined","rule","foliage_only","net_change",-0.00276141344831947,-1041.91445482468,245.941431682995,247.427289645446,2577.98069599682,0.00679145976948367,168,377312.00862325,7.43352415574351,"High Cascades Ranger District proxy","cone",2.42,146,10
2019,"Combined","rule","foliage_only","gross_accrual",0.0203502315023635,7678.38672410492,11.953631046205,13.1431869913853,1009.18472507082,0.00243259159084111,168,377312.00862325,7.43352415574351,"High Cascades Ranger District proxy","cone",2.42,106,10
2019,"Combined","rule","foliage_only","survivor_loss",-0.0220733514678888,-8328.54057939608,19.3097234097494,21.2562089303325,1770.33198640396,0.00426230311571118,168,377312.00862325,7.43352415574351,"High Cascades Ranger District proxy","cone",2.42,97,10
2019,"Combined","rule","foliage_only","ingrowth_gain",0.00653840220438233,2467.01766892218,15.3420550435543,16.7426822776848,413.044930041988,0.0010031252651653,168,377312.00862325,7.43352415574351,"High Cascades Ranger District proxy","cone",2.42,76,10
2019,"Combined","rule","foliage_only","mortality_loss",0.0027682202047739,1044.48272577471,26.4137308711488,26.901397960586,280.98045469023,0.000731190234809745,168,377312.00862325,7.43352415574351,"High Cascades Ranger District proxy","cone",2.42,26,10
2019,"Combined","rule","foliage_only","removal_loss",0.00480847548240264,1814.29554268099,67.2191014975191,68.915983395124,1250.33961493251,0.00323221401499955,168,377312.00862325,7.43352415574351,"High Cascades Ranger District proxy","cone",2.42,7,10
