"YEAR","species","scenario","quantity","component","green_tons_acre_year","green_tons_per_year","per_acre_se_percent","total_se_percent","total_se_tons_per_year","per_acre_se_tons_year"
2019,"Douglas-fir","reach","boughs","net_change",0.00303627485377127,1512.308990269,106.5607247531,106.660466873452,1613.0358295901,0.00323547648967479
2019,"Douglas-fir","reach","boughs","survivor_change",-0.00548418858555066,-2731.56683821211,39.1289322956071,39.3774934880629,1075.62255383906,0.00214590443860353
2019,"Douglas-fir","reach","boughs","gross_accrual",0.00618144712241008,3078.85764837199,21.142652563733,21.6230065315793,665.741590405504,0.00130692188850204
2019,"Douglas-fir","reach","boughs","survivor_loss",-0.0116656357079607,-5810.4244865841,17.3427345822702,17.9117097767782,1040.7463708358,0.00202314023816617
2019,"Douglas-fir","reach","boughs","ingrowth_gain",0.0109264044395382,5442.22788154527,19.4602560381288,20.0111953484064,1089.05485268146,0.00212630627969561
2019,"Douglas-fir","reach","boughs","mortality_loss",0.00145400702765529,724.212400305661,59.5568043122298,59.7998050308685,433.077603392158,0.000865960120146732
2019,"Douglas-fir","reach","boughs","removal_loss",0.00095193397256099,474.139652758499,57.6960658325479,57.9127691687847,274.587402639706,0.000549228451491178
2019,"Douglas-fir","reach","foliage_only","net_change",0.000754763084476746,375.93269817441,134.027820866431,134.103290300549,504.138117567517,0.00101159251482844
2019,"Douglas-fir","reach","foliage_only","survivor_change",-0.00199954247287715,-995.932912463735,32.308866631473,32.6147701980326,324.82123072662,0.000646029510801535
2019,"Douglas-fir","reach","foliage_only","gross_accrual",0.00172009399987735,856.745105566205,21.2860530825978,21.762819744724,186.451892996118,0.000366140121884472
2019,"Douglas-fir","reach","foliage_only","survivor_loss",-0.00371963647275449,-1852.67801802994,16.9168408252554,17.502767915646,324.269933719971,0.000629244981374022
2019,"Douglas-fir","reach","foliage_only","ingrowth_gain",0.00356502287626734,1775.66801621969,19.4924146350625,20.0411070294695,355.863527618645,0.000694909040876861
2019,"Douglas-fir","reach","foliage_only","mortality_loss",0.000495483042771846,246.790391580983,63.4231092201043,63.6516774816572,157.086224104846,0.000314250751384284
2019,"Douglas-fir","reach","foliage_only","removal_loss",0.000315234276141599,157.01201400056,58.1772282603303,58.3937158703634,91.6851493378219,0.000183394564385698
2019,"Douglas-fir","rule","boughs","net_change",0.012179340999517,6066.29102310808,63.778212677848,63.9078085685466,3876.83365425884,0.00776776600543231
2019,"Douglas-fir","rule","boughs","survivor_change",0.00418310536397455,2083.52278823627,162.013930891475,162.049368706433,3376.33552519155,0.00677721343350731
2019,"Douglas-fir","rule","boughs","gross_accrual",0.03535663008723,17610.444416822,13.9464506038437,14.6686227019766,2583.20964764493,0.00493099495029928
2019,"Douglas-fir","rule","boughs","survivor_loss",-0.0311735247232555,-15526.9216285858,14.685522868252,15.4130320011603,2393.16939940901,0.00457799510207388
2019,"Douglas-fir","rule","boughs","ingrowth_gain",0.0116795514637354,5817.35565177104,19.3605117517252,19.9226929827163,1158.97390621504,0.0022612209336853
2019,"Douglas-fir","rule","boughs","mortality_loss",0.00241345416342252,1202.09421239076,44.7338720473525,45.0715783647942,541.802834956355,0.00107963149738693
2019,"Douglas-fir","rule","boughs","removal_loss",0.00126986166477043,632.493204508473,56.630611281875,56.8474036986064,359.555965333184,0.00071913042319369
2019,"Douglas-fir","rule","foliage_only","net_change",0.00302952984943118,1508.94943581686,62.9961292174374,63.1349902634765,952.675079383757,0.0019084865386285
2019,"Douglas-fir","rule","foliage_only","survivor_change",0.000383690042657309,191.108489492189,398.840739832305,398.848283899907,762.23293072663,0.0015303122047973
2019,"Douglas-fir","rule","foliage_only","gross_accrual",0.00793129906096804,3950.42459990602,13.6884578707004,14.4336049690123,570.188681349117,0.00108567253055986
2019,"Douglas-fir","rule","foliage_only","survivor_loss",-0.00754760901831073,-3759.31611041383,14.4094883192734,15.1442324650866,569.31957085852,0.00108757183987791
2019,"Douglas-fir","rule","foliage_only","ingrowth_gain",0.00380063394388878,1893.0212707606,19.3665329192695,19.9269283841315,377.22099292084,0.00073605102388415
2019,"Douglas-fir","rule","foliage_only","mortality_loss",0.000754260668771439,375.682454759508,48.1659954268645,48.481604525657,182.136881988785,0.000363297159227089
2019,"Douglas-fir","rule","foliage_only","removal_loss",0.000400533468343468,199.49786967642,55.9253468097868,56.1465626507133,112.011196384709,0.000223999731260352
2019,"Incense-cedar","reach","boughs","net_change",0.000223009772501233,111.07679644106,356.244133913059,356.299149025355,395.765680484122,0.000794459232588502
2019,"Incense-cedar","reach","boughs","survivor_change",-1.99296551945118e-05,-9.92657060877931,3540.73404313379,3540.72320795801,351.472389299387,0.000705656086151264
2019,"Incense-cedar","reach","boughs","gross_accrual",0.00114109003251977,568.354578552921,37.6050061257869,37.9028097813489,215.422354792501,0.000429106976629806
2019,"Incense-cedar","reach","boughs","survivor_loss",-0.00116101968771429,-578.281149161701,47.451275635984,47.669769954617,275.665293496298,0.000550918652205347
2019,"Incense-cedar","reach","boughs","ingrowth_gain",0.000378671453920654,188.608828812433,48.2137758162079,48.4993141603143,91.473988419831,0.000182571805873279
2019,"Incense-cedar","reach","boughs","mortality_loss",0.000135732026224909,67.6054617625936,73.49120336862,73.6536373834181,49.7938816580061,9.97510994292966e-05
2019,"Incense-cedar","reach","boughs","removal_loss",0,0,NA,NA,NA,NA
2019,"Incense-cedar","reach","foliage_only","net_change",8.62859769632891e-05,42.977353823435,283.997603927842,284.065347847419,122.083769634157,0.000245050107101471
2019,"Incense-cedar","reach","foliage_only","survivor_change",-9.98398184721846e-07,-0.49728256608512,21634.4358886209,21634.4189872855,107.58419389758,0.000215997815186803
2019,"Incense-cedar","reach","foliage_only","gross_accrual",0.000353200616820568,175.922304109871,37.1506444587555,37.4558732541527,65.8932352531782,0.000131216305381141
2019,"Incense-cedar","reach","foliage_only","survivor_loss",-0.00035419901500529,-176.419586675956,47.6337479850943,47.849978689773,84.4167346290305,0.000168718266173306
2019,"Incense-cedar","reach","foliage_only","ingrowth_gain",0.000130718036875071,65.1080919472574,47.8571778300275,48.1463169475778,31.347148307447,6.25579633632239e-05
2019,"Incense-cedar","reach","foliage_only","mortality_loss",4.34336617270604e-05,21.6334555577373,72.1044474860093,72.2699984398979,15.6344979940728,3.13176018112392e-05
2019,"Incense-cedar","reach","foliage_only","removal_loss",0,0,NA,NA,NA,NA
2019,"Incense-cedar","rule","boughs","net_change",0.000256880332770245,127.947058610063,328.800940078644,328.811487270845,420.704626335049,0.000844624949025712
2019,"Incense-cedar","rule","boughs","survivor_change",1.39409050744998e-05,6.94369156022428,5518.39591388676,5518.36061457702,383.177940257125,0.000769314335990028
2019,"Incense-cedar","rule","boughs","gross_accrual",0.00164482645121196,819.255814904398,28.5893615059136,28.9954806127499,237.54716097943,0.000470245380281879
2019,"Incense-cedar","rule","boughs","survivor_loss",-0.00163088554613746,-812.312123344173,38.5349654157362,38.8826440573713,315.84843155479,0.000628461181174312
2019,"Incense-cedar","rule","boughs","ingrowth_gain",0.000378671453920654,188.608828812433,48.2137758162079,48.4993141603143,91.473988419831,0.000182571805873279
2019,"Incense-cedar","rule","boughs","mortality_loss",0.000135732026224909,67.6054617625936,73.49120336862,73.6536373834181,49.7938816580061,9.97510994292966e-05
2019,"Incense-cedar","rule","boughs","removal_loss",0,0,NA,NA,NA,NA
2019,"Incense-cedar","rule","foliage_only","net_change",8.57396962130486e-05,42.7052620894559,331.424477719864,331.419508711741,141.533569810936,0.000284162340372694
2019,"Incense-cedar","rule","foliage_only","survivor_change",-1.54467893496234e-06,-0.769374300064166,17010.3594656643,17010.4141323,130.873754668399,0.000262755439427489
2019,"Incense-cedar","rule","foliage_only","gross_accrual",0.000546725504339121,272.313257277891,28.2550913904569,28.6752350752439,78.086466665489,0.000154477790905955
2019,"Incense-cedar","rule","foliage_only","survivor_loss",-0.000548270183274083,-273.082631577955,39.269429555395,39.6381050387711,108.24478034751,0.000215302573394051
2019,"Incense-cedar","rule","foliage_only","ingrowth_gain",0.000130718036875071,65.1080919472574,47.8571778300275,48.1463169475778,31.347148307447,6.25579633632239e-05
2019,"Incense-cedar","rule","foliage_only","mortality_loss",4.34336617270604e-05,21.6334555577373,72.1044474860093,72.2699984398979,15.6344979940728,3.13176018112392e-05
2019,"Incense-cedar","rule","foliage_only","removal_loss",0,0,NA,NA,NA,NA
2019,"Ponderosa pine","reach","boughs","net_change",-0.0019976134006701,-994.972079409384,94.1392125325067,94.2594690242808,937.855398991131,0.00188053752483466
2019,"Ponderosa pine","reach","boughs","survivor_change",-0.00288218011456077,-1435.55742109807,63.8957680920069,64.0629391590064,919.660277270656,0.00184159112199369
2019,"Ponderosa pine","reach","boughs","gross_accrual",0.00218151173021389,1086.56823274152,41.2764226478921,41.4401450267047,450.275451462186,0.00090045000187643
2019,"Ponderosa pine","reach","boughs","survivor_loss",-0.00506369184477466,-2522.12565383958,39.387484237786,39.6154475741079,999.151366149945,0.00199446082721067
2019,"Ponderosa pine","reach","boughs","ingrowth_gain",0.000884566713890671,440.585341688683,39.6291290821689,39.8622846210245,175.627382902456,0.000350546084865634
2019,"Ponderosa pine","reach","boughs","mortality_loss",0,0,NA,NA,NA,NA
2019,"Ponderosa pine","reach","boughs","removal_loss",0,0,NA,NA,NA,NA
2019,"Ponderosa pine","reach","foliage_only","net_change",-0.000521455373921065,-259.726700639572,88.1259311120222,88.2575229925217,229.228352534688,0.000459537403601616
2019,"Ponderosa pine","reach","foliage_only","survivor_change",-0.000773783043577386,-385.406166989896,58.1566842747615,58.3427617545257,224.856601794165,0.00045000656162494
2019,"Ponderosa pine","reach","foliage_only","gross_accrual",0.000503788159474611,250.927007421023,40.6846092118475,40.8496360045298,102.502769168547,0.000204964243937804
2019,"Ponderosa pine","reach","foliage_only","survivor_loss",-0.001277571203052,-636.333174410919,38.3780382130005,38.6174740831459,245.735798710596,0.000490306764505585
2019,"Ponderosa pine","reach","foliage_only","ingrowth_gain",0.000252327669656321,125.679466350324,38.8650175962898,39.1024302808715,49.1437257070067,9.80671932122371e-05
2019,"Ponderosa pine","reach","foliage_only","mortality_loss",0,0,NA,NA,NA,NA
2019,"Ponderosa pine","reach","foliage_only","removal_loss",0,0,NA,NA,NA,NA
2019,"Ponderosa pine","rule","boughs","net_change",-0.000615183504273799,-306.410845191731,414.061958977111,414.081793923534,1268.79152454618,0.00254724086910013
2019,"Ponderosa pine","rule","boughs","survivor_change",-0.00149975021816447,-746.996186880414,166.922204280274,166.975122686093,1247.29779950401,0.00250341612285835
2019,"Ponderosa pine","rule","boughs","gross_accrual",0.0043520620594077,2167.67680649069,40.9624300208374,41.2373640288999,893.892775662599,0.00178271037554829
2019,"Ponderosa pine","rule","boughs","survivor_loss",-0.00585181227757217,-2914.6729933711,33.3229893146102,33.6416049353286,980.542773586623,0.00194999877996642
2019,"Ponderosa pine","rule","boughs","ingrowth_gain",0.000884566713890671,440.585341688683,39.6291290821689,39.8622846210245,175.627382902456,0.000350546084865634
2019,"Ponderosa pine","rule","boughs","mortality_loss",0,0,NA,NA,NA,NA
2019,"Ponderosa pine","rule","boughs","removal_loss",0,0,NA,NA,NA,NA
2019,"Ponderosa pine","rule","foliage_only","net_change",-0.000198448548266307,-98.8433320772011,285.027383192395,285.067433330874,281.770149771189,0.000565632704106754
2019,"Ponderosa pine","rule","foliage_only","survivor_change",-0.000450776217922628,-224.522798427525,122.650830324457,122.734018548641,275.565853067967,0.000552880774187288
2019,"Ponderosa pine","rule","foliage_only","gross_accrual",0.000945378467624504,470.874484244888,39.376843398464,39.6504613876142,186.703905559647,0.0003722601987193
2019,"Ponderosa pine","rule","foliage_only","survivor_loss",-0.00139615468554713,-695.397282672413,33.1016070423908,33.4207862877232,232.407239692582,0.000462149637713738
2019,"Ponderosa pine","rule","foliage_only","ingrowth_gain",0.000252327669656321,125.679466350324,38.8650175962898,39.1024302808715,49.1437257070067,9.80671932122371e-05
2019,"Ponderosa pine","rule","foliage_only","mortality_loss",0,0,NA,NA,NA,NA
2019,"Ponderosa pine","rule","foliage_only","removal_loss",0,0,NA,NA,NA,NA
2019,"Western white pine","reach","boughs","net_change",-0.000440110646590015,-219.210486403917,86.8992054682716,86.7756271755047,190.221274411474,0.000382452655067995
2019,"Western white pine","reach","boughs","survivor_change",-0.000514411250138305,-256.21816065611,75.8634759393859,75.7569031838798,194.102943907767,0.000390250254978167
2019,"Western white pine","reach","boughs","gross_accrual",0.000259705842675429,129.35438971067,72.8779042202897,73.2233507587529,94.7176184996883,0.000189268175279495
2019,"Western white pine","reach","boughs","survivor_loss",-0.000774117092813733,-385.572550366781,50.5993472234626,50.6605210485259,195.333063035901,0.000391698195708995
2019,"Western white pine","reach","boughs","ingrowth_gain",0.000419866409906539,209.127228921635,67.156620655071,67.2767618562754,140.694027778237,0.000281968092159
2019,"Western white pine","reach","boughs","mortality_loss",0.000345565806358249,172.119554669443,84.8739668059115,84.9701902047529,146.250312982199,0.000293295407781081
2019,"Western white pine","reach","boughs","removal_loss",0,0,NA,NA,NA,NA
2019,"Western white pine","reach","foliage_only","net_change",-0.000155294690178821,-77.3492412278703,84.187394653173,84.1585612580129,65.0960085613654,0.000130738553696266
2019,"Western white pine","reach","foliage_only","survivor_change",-0.000168013228610906,-83.6840959232654,72.3216866712168,72.3037810822038,60.5067655169792,0.000121510000762174
2019,"Western white pine","reach","foliage_only","gross_accrual",7.90166092957475e-05,39.3566242759965,76.1030559411976,76.4465481026674,30.0867807087357,6.01340543751803e-05
2019,"Western white pine","reach","foliage_only","survivor_loss",-0.000247029837906653,-123.040720199262,47.5517528383364,47.709210900531,58.7017566933981,0.000117467017958315
2019,"Western white pine","reach","foliage_only","ingrowth_gain",0.000186970310856327,93.126247009624,67.2774253959531,67.3956251157086,62.763016318935,0.000125788811398947
2019,"Western white pine","reach","foliage_only","mortality_loss",0.000174251772424243,86.7913923142289,88.4597881448015,88.5459501158665,76.8502629434232,0.000154142748725047
2019,"Western white pine","reach","foliage_only","removal_loss",0,0,NA,NA,NA,NA
2019,"Western white pine","rule","boughs","net_change",0.00148986313302942,742.07162357261,100.264985076622,100.475295823844,745.59865900938,0.00149381104799404
2019,"Western white pine","rule","boughs","survivor_change",0.00140209419836544,698.355637586096,106.382488389926,106.588798260376,744.368881686603,0.00149158269779194
2019,"Western white pine","rule","boughs","gross_accrual",0.00237619256199972,1183.53493909126,62.0676772400489,62.3412176592978,737.830092452723,0.00147484752998404
2019,"Western white pine","rule","boughs","survivor_loss",-0.000974098363634284,-485.179301505168,44.5484544175586,44.7698049747985,217.213827061953,0.000433945765505804
2019,"Western white pine","rule","boughs","ingrowth_gain",0.000433334741022229,215.835540655956,67.9238462144472,68.0416537458121,146.858071233527,0.000294337623085712
2019,"Western white pine","rule","boughs","mortality_loss",0.000345565806358249,172.119554669443,84.8739668059115,84.9701902047529,146.250312982199,0.000293295407781081
2019,"Western white pine","rule","boughs","removal_loss",0,0,NA,NA,NA,NA
2019,"Western white pine","rule","foliage_only","net_change",7.24608405066795e-05,36.091324342587,307.006243981014,307.186271016907,110.86759340861,0.00022245930479663
2019,"Western white pine","rule","foliage_only","survivor_change",5.4230551233379e-05,27.0111745896839,391.064337765449,391.244136902051,105.679636890515,0.000212076346047366
2019,"Western white pine","rule","foliage_only","gross_accrual",0.000351699937930652,175.174845369794,54.9986759932322,55.3363484746963,96.9353628738394,0.000193430309330878
2019,"Western white pine","rule","foliage_only","survivor_loss",-0.000297469386697273,-148.16367078011,40.0217771699689,40.2510750236753,59.6374702835332,0.000119052535092856
2019,"Western white pine","rule","foliage_only","ingrowth_gain",0.000192482061697543,95.8715420671319,67.9897294375974,68.105840741072,65.2941197562507,0.000130868032964069
2019,"Western white pine","rule","foliage_only","mortality_loss",0.000174251772424243,86.7913923142289,88.4597881448015,88.5459501158665,76.8502629434232,0.000154142748725047
2019,"Western white pine","rule","foliage_only","removal_loss",0,0,NA,NA,NA,NA
2019,"White fir","reach","boughs","net_change",-0.00112570413077573,-560.691162475151,202.305282970846,202.320181845649,1134.39137951221,0.00227735892718033
2019,"White fir","reach","boughs","survivor_change",-0.00216977066994714,-1080.7202407606,95.5527184099556,95.6089646117636,1033.26543254097,0.00207327485839639
2019,"White fir","reach","boughs","gross_accrual",0.00472421752183627,2353.04014766166,23.4041698708945,23.9330245846294,563.153677026064,0.00110566389388112
2019,"White fir","reach","boughs","survivor_loss",-0.00689398819178341,-3433.76038842226,25.8922578782252,26.2858967827526,902.594711467723,0.00178500920071095
2019,"White fir","reach","boughs","ingrowth_gain",0.00237674426994455,1183.80973400449,18.3342501563159,18.8503968422699,223.152832717265,0.000435758240027537
2019,"White fir","reach","boughs","mortality_loss",0.00130651016192328,650.747102588637,33.6063357107862,33.9287398328813,220.790291407312,0.000439070191111475
2019,"White fir","reach","boughs","removal_loss",2.61675688498515e-05,13.0335531303961,101.255413113166,101.373369343028,13.2125519533963,2.64960799405892e-05
2019,"White fir","reach","foliage_only","net_change",-0.000524011096434539,-260.999655928504,161.50888464565,161.551446134114,421.64871855756,0.000846324477270863
2019,"White fir","reach","foliage_only","survivor_change",-0.0010266777247934,-511.368050684038,72.4229933288601,72.5241353023939,370.865256971306,0.000743550740136013
2019,"White fir","reach","foliage_only","gross_accrual",0.00165559228152933,824.61806396312,22.5740731015719,23.1079417130018,190.552261575482,0.000373734611896412
2019,"White fir","reach","foliage_only","survivor_loss",-0.00268227000632272,-1335.98611464716,24.5654164219336,24.9824811007748,333.762478600701,0.0006589107966138
2019,"White fir","reach","foliage_only","ingrowth_gain",0.00110645563271293,551.103862882235,18.0977425751189,18.6193532738538,102.611975135898,0.000200243492116289
2019,"White fir","reach","foliage_only","mortality_loss",0.00059053172548423,294.132277379176,33.6642702314735,33.9903543741854,99.9766034100437,0.000198798195869595
2019,"White fir","reach","foliage_only","removal_loss",1.32572788698431e-05,6.60319074752555,101.255413113166,101.373369343028,6.69387694491374,1.3423712487224e-05
2019,"White fir","rule","boughs","net_change",0.00548547638931577,2732.20826802511,107.846511090254,107.921369180877,2948.63657172581,0.0059158949025567
2019,"White fir","rule","boughs","survivor_change",0.00630706654540824,3141.42622068571,90.4781036975653,90.5838667537954,2845.62534191474,0.00570651420922892
2019,"White fir","rule","boughs","gross_accrual",0.0255768972771865,12739.3511978774,15.8935061155895,16.5562669196864,2109.16098815685,0.00406506573292768
2019,"White fir","rule","boughs","survivor_loss",-0.0192698307317783,-9597.92497719166,21.6933943488315,22.2009273048723,2130.8283469625,0.004180280370997
2019,"White fir","rule","boughs","ingrowth_gain",0.00254733907824677,1268.77966417013,18.3310790487422,18.8646872501543,239.351315539254,0.000466954740072916
2019,"White fir","rule","boughs","mortality_loss",0.00334276166548939,1664.96406370034,34.6855731630432,35.0378768639303,583.368058468017,0.00115945604314948
2019,"White fir","rule","boughs","removal_loss",2.61675688498515e-05,13.0335531303961,101.255413113166,101.373369343028,13.2125519533963,2.64960799405892e-05
2019,"White fir","rule","foliage_only","net_change",0.00135823685500544,676.511154511628,126.768609029543,126.830488912511,858.022404814769,0.00172181796841702
2019,"White fir","rule","foliage_only","survivor_change",0.00138560662700492,690.143501466322,118.093692804797,118.176382480526,815.586623957336,0.0016363140335781
2019,"White fir","rule","foliage_only","gross_accrual",0.00740070442957491,3686.14581425931,15.3310844146253,16.0173880507064,590.424279184784,0.00113460824337504
2019,"White fir","rule","foliage_only","survivor_loss",-0.00601509780256999,-2996.00231279299,20.5889067208958,21.115709114021,632.627133418708,0.00123844287574179
2019,"White fir","rule","foliage_only","ingrowth_gain",0.00117946546607709,587.468629806259,18.0245582585438,18.5645321037752,109.060802379991,0.000212593440072471
2019,"White fir","rule","foliage_only","mortality_loss",0.00119357795920673,594.497786013428,30.6864813804384,31.0763733554554,184.748351571449,0.00036626707821299
2019,"White fir","rule","foliage_only","removal_loss",1.32572788698431e-05,6.60319074752555,101.255413113166,101.373369343028,6.69387694491374,1.3423712487224e-05
2019,"red fir (Shasta, California and noble)","reach","boughs","net_change",-0.00104403482084006,-520.013280006318,136.095869722694,136.257702359874,708.558147302826,0.00142088826963004
2019,"red fir (Shasta, California and noble)","reach","boughs","survivor_change",-0.00206686382679695,-1029.4643592771,70.2966965241561,70.5896886917283,726.695686406001,0.00145293699189101
2019,"red fir (Shasta, California and noble)","reach","boughs","gross_accrual",0.00240013898272149,1195.46218187606,40.7614491584676,41.1185259395544,491.55642735227,0.000978331431174583
2019,"red fir (Shasta, California and noble)","reach","boughs","survivor_loss",-0.00446700280951844,-2224.92654115316,41.0562194052525,41.4779699282681,922.854361665563,0.00183398247431468
2019,"red fir (Shasta, California and noble)","reach","boughs","ingrowth_gain",0.00111568475528006,555.700707931763,51.8613989457853,52.2126451577066,290.146038771275,0.000578609721913099
2019,"red fir (Shasta, California and noble)","reach","boughs","mortality_loss",9.28557493231679e-05,46.2496286609797,73.7562040762242,73.8644550843694,34.162036188977,6.84868759673029e-05
2019,"red fir (Shasta, California and noble)","reach","boughs","removal_loss",0,0,NA,NA,NA,NA
2019,"red fir (Shasta, California and noble)","reach","foliage_only","net_change",-0.00036358238866948,-181.093261173435,104.277215460837,104.487357004744,189.219562313821,0.000379133590810531
2019,"red fir (Shasta, California and noble)","reach","foliage_only","survivor_change",-0.000678036240598636,-337.716561170967,60.3657316852053,60.7058925564958,205.01385276994,0.000409301537728226
2019,"red fir (Shasta, California and noble)","reach","foliage_only","gross_accrual",0.000600178346636036,298.93707029029,39.3817486385524,39.740193937647,118.798171484881,0.000236360727855223
2019,"red fir (Shasta, California and noble)","reach","foliage_only","survivor_loss",-0.00127821458723467,-636.653631461257,40.4831379136728,40.9151236834001,260.487620747232,0.000517461374182896
2019,"red fir (Shasta, California and noble)","reach","foliage_only","ingrowth_gain",0.000343923690215811,171.301648806213,50.6266657039106,50.982633470903,87.334091740485,0.000174117096922112
2019,"red fir (Shasta, California and noble)","reach","foliage_only","mortality_loss",2.94698382866539e-05,14.6783488086806,74.3291783789517,74.4354415189066,10.9258937434266,2.19046886680756e-05
2019,"red fir (Shasta, California and noble)","reach","foliage_only","removal_loss",0,0,NA,NA,NA,NA
2019,"red fir (Shasta, California and noble)","rule","boughs","net_change",-0.00510232500468067,-2541.36807353548,81.228760148727,81.4178536156208,2069.12733794524,0.00414455534006059
2019,"red fir (Shasta, California and noble)","rule","boughs","survivor_change",-0.00612515401063756,-3050.81915280626,67.5513958098826,67.7881034798619,2068.09244428775,0.00413762702969068
2019,"red fir (Shasta, California and noble)","rule","boughs","gross_accrual",0.00445745602742377,2220.17147611945,28.2143375367292,28.6823098966914,636.796463018528,0.00125764168912863
2019,"red fir (Shasta, California and noble)","rule","boughs","survivor_loss",-0.0105826100380613,-5270.99062892571,41.5452617476558,41.9018617240435,2208.64320481974,0.00439657304004628
2019,"red fir (Shasta, California and noble)","rule","boughs","ingrowth_gain",0.00111568475528006,555.700707931763,51.8613989457853,52.2126451577066,290.146038771275,0.000578609721913099
2019,"red fir (Shasta, California and noble)","rule","boughs","mortality_loss",9.28557493231679e-05,46.2496286609797,73.7562040762242,73.8644550843694,34.162036188977,6.84868759673029e-05
2019,"red fir (Shasta, California and noble)","rule","boughs","removal_loss",0,0,NA,NA,NA,NA
2019,"red fir (Shasta, California and noble)","rule","foliage_only","net_change",-0.00178999848524319,-891.563159520571,81.2523968847342,81.436435555126,726.057257836215,0.00145441667346053
2019,"red fir (Shasta, California and noble)","rule","foliage_only","survivor_change",-0.00210445233717235,-1048.1864595181,69.3043227714414,69.5287424072258,728.790863385763,0.00145847644032507
2019,"red fir (Shasta, California and noble)","rule","foliage_only","gross_accrual",0.00104356896638854,519.781247035291,28.708713664716,29.1547899344928,151.541130692026,0.000299595226454323
2019,"red fir (Shasta, California and noble)","rule","foliage_only","survivor_loss",-0.00314802130356089,-1567.96770655339,47.3250830109829,47.6345291900691,746.894034869034,0.00148980369511362
2019,"red fir (Shasta, California and noble)","rule","foliage_only","ingrowth_gain",0.000343923690215811,171.301648806213,50.6266657039106,50.982633470903,87.334091740485,0.000174117096922112
2019,"red fir (Shasta, California and noble)","rule","foliage_only","mortality_loss",2.94698382866539e-05,14.6783488086806,74.3291783789517,74.4354415189066,10.9258937434266,2.19046886680756e-05
2019,"red fir (Shasta, California and noble)","rule","foliage_only","removal_loss",0,0,NA,NA,NA,NA
2019,"Combined","reach","boughs","net_change",-0.00134817837260339,-671.501221584708,363.681960198011,363.697562548796,2442.23357538897,0.00490308153244965
2019,"Combined","reach","boughs","survivor_change",-0.0131373441021883,-6543.45359061277,31.0721853125857,31.3980983933315,2054.51999670258,0.004082059904584
2019,"Combined","reach","boughs","gross_accrual",0.0168881112323769,8411.63717891482,14.9907609655237,15.7303889633467,1323.18324642878,0.00253165638643739
2019,"Combined","reach","boughs","survivor_loss",-0.0300254553345653,-14955.0907695276,14.367798868744,15.1037163705618,2258.77449278951,0.00431399703189489
2019,"Combined","reach","boughs","ingrowth_gain",0.0161019380424807,8020.05972290427,15.0773760781235,15.7967864654572,1266.91170882933,0.00242774975453125
2019,"Combined","reach","boughs","mortality_loss",0.0033346707714849,1660.93414798731,30.8902877392792,31.2809610870282,519.556164513076,0.00103008939646933
2019,"Combined","reach","boughs","removal_loss",0.000978101541410842,487.173205888895,56.1895352387288,56.4117530679804,274.822945919407,0.000549590710281594
2019,"Combined","reach","foliage_only","net_change",-0.00072329448776387,-360.258806971536,212.476502003448,212.528262409817,765.651782634941,0.00153683082678443
2019,"Combined","reach","foliage_only","survivor_change",-0.00464705110864219,-2314.60506979799,26.8189151875625,27.210412219931,629.813580755454,0.00124628869554943
2019,"Combined","reach","foliage_only","gross_accrual",0.00491187001363364,2446.5061756265,14.3454995931385,15.1171071925866,369.840961042711,0.000704632292821305
2019,"Combined","reach","foliage_only","survivor_loss",-0.00955892112227583,-4761.11124542449,13.8888277879865,14.658253204161,697.895741686103,0.00132762209306235
2019,"Combined","reach","foliage_only","ingrowth_gain",0.0055854182165838,2781.98733321534,14.4815660001755,15.2184383193967,423.375026358806,0.000808856025420409
2019,"Combined","reach","foliage_only","mortality_loss",0.00133317004069403,664.025865640806,30.4713281605887,30.8575809034211,204.902318709754,0.000406234618038533
2019,"Combined","reach","foliage_only","removal_loss",0.000328491555011442,163.615204748085,55.9366139995276,56.161259595671,91.8883598765608,0.000183747053147796
2019,"Combined","rule","boughs","net_change",0.013694052345678,6820.73905458865,99.8670559031424,99.9356903000186,6816.35265776613,0.0136758469114638
2019,"Combined","rule","boughs","survivor_change",0.0042813027840207,2132.43299838163,299.241331009175,299.24221581639,6381.13975515706,0.0128114274354364
2019,"Combined","rule","boughs","gross_accrual",0.0737640644644597,36740.4346513052,10.4384311135435,11.4404196828389,4203.2599174085,0.00769981105567242
2019,"Combined","rule","boughs","survivor_loss",-0.069482761680439,-34608.0016529236,14.6225727937227,15.3967577611618,5328.51018047951,0.0101601674058111
2019,"Combined","rule","boughs","ingrowth_gain",0.0170391482060958,8486.86573503001,15.2234115500485,15.944719627442,1353.20694660798,0.00259393965603667
2019,"Combined","rule","boughs","mortality_loss",0.00633036941081823,3153.03292118411,26.2334365961363,26.7276203082308,842.730667367607,0.0016606734456882
2019,"Combined","rule","boughs","removal_loss",0.00129602923362028,645.526757638869,55.5023418232044,55.7233971567266,359.709438912047,0.000719326575372586
2019,"Combined","rule","foliage_only","net_change",0.00255752020764685,1273.85068516276,147.799314011951,147.831030088303,1883.14658966301,0.00377999732261907
2019,"Combined","rule","foliage_only","survivor_change",-0.00073324601313433,-365.215466697497,476.398761689046,476.456921558043,1740.09436968074,0.00349317492670625
2019,"Combined","rule","foliage_only","gross_accrual",0.0182193763668258,9074.71424809319,10.2303882145939,11.249873434647,1020.89386746636,0.00186391293260425
2019,"Combined","rule","foliage_only","survivor_loss",-0.0189526223799601,-9439.92971479069,15.5977476143878,16.3243787383318,1541.00987927476,0.00295618220513416
2019,"Combined","rule","foliage_only","ingrowth_gain",0.00589955086841062,2938.45064973778,14.6392896166412,15.3777558498897,451.867766686175,0.000863652337707701
2019,"Combined","rule","foliage_only","mortality_loss",0.00219499390041613,1093.28343745358,25.1125865180291,25.6147233864364,280.041528333459,0.000551219742307462
2019,"Combined","rule","foliage_only","removal_loss",0.000413790747213311,206.101060423946,54.1949038293148,54.4228917297937,112.166156968481,0.000224253497506857
