"YEAR","species","scenario","quantity","green_tons_total","total_se_percent","total_lower_95","total_upper_95","interval_df","total_se_tons","green_tons_per_acre","per_acre_se_percent","nonreserved_acres","area_se_percent","area_plots","species_plots","positive_mass_plots","tree_records","coverage","allocation","green_ratio_used"
2019,"Douglas-fir","reach","boughs",116800.258966707,18.3454010600501,74523.5936127311,159076.924320684,183,21427.4759466197,0.313373742874221,17.0589001000535,372718.715663385,7.26975892263315,184,160,75,2005,"High Cascades Ranger District proxy","cone",2.42
2019,"Douglas-fir","reach","foliage_only",37607.4109307915,19.133842149976,23410.1249555496,51804.6969060334,183,7195.74264419047,0.100900248231044,17.7910487559449,372718.715663385,7.26975892263315,184,160,75,2005,"High Cascades Ranger District proxy","cone",2.42
2019,"Douglas-fir","rule","boughs",302699.516795707,13.5728211003005,221638.590816571,383760.442774842,183,41084.8638861553,0.812139299892535,12.4965861597089,372718.715663385,7.26975892263315,184,160,99,2005,"High Cascades Ranger District proxy","cone",2.42
2019,"Douglas-fir","rule","foliage_only",80277.0451997091,13.9579701233697,58169.3559618529,102384.734437565,183,11205.0459848994,0.215382383084326,12.7456823204872,372718.715663385,7.26975892263315,184,160,99,2005,"High Cascades Ranger District proxy","cone",2.42
2019,"Incense-cedar","reach","boughs",15611.2134012483,40.2968707069797,3199.32990792496,28023.0968945716,183,6290.8304800917,0.0418847048597025,39.7429471524598,372718.715663385,7.26975892263315,184,64,18,232,"High Cascades Ranger District proxy","cone",2.42
2019,"Incense-cedar","reach","foliage_only",5183.41033668705,41.0185412997644,988.472685190323,9378.34798818378,183,2126.15930969023,0.0139070299366677,40.4767811961417,372718.715663385,7.26975892263315,184,64,18,232,"High Cascades Ranger District proxy","cone",2.42
2019,"Incense-cedar","rule","boughs",19793.3339744508,34.0105684155229,6511.3622632604,33075.3056856413,183,6731.82539309355,0.0531052859506171,33.4184682758776,372718.715663385,7.26975892263315,184,64,22,232,"High Cascades Ranger District proxy","cone",2.42
2019,"Incense-cedar","rule","foliage_only",6640.71188756829,34.1835785778666,2161.90979747075,11119.5139776658,183,2270.03296621664,0.0178169531297852,33.5996711780194,372718.715663385,7.26975892263315,184,64,22,232,"High Cascades Ranger District proxy","cone",2.42
2019,"Ponderosa pine","reach","boughs",26243.2945592601,39.8683068275872,5600.1499452827,46886.4391732375,183,10462.7571965533,0.0704104555429979,39.6066084998139,372718.715663385,7.26975892263315,184,50,14,276,"High Cascades Ranger District proxy","cone",2.42
2019,"Ponderosa pine","reach","foliage_only",7005.15891976476,40.2871420396252,1436.96745966215,12573.3503798674,183,2822.1783241071,0.0187947602987861,40.0196682642896,372718.715663385,7.26975892263315,184,50,14,276,"High Cascades Ranger District proxy","cone",2.42
2019,"Ponderosa pine","rule","boughs",45402.9729004259,40.5593128017648,9069.69449422847,81736.2513066234,183,18415.1337999842,0.121815650763915,39.5053675739614,372718.715663385,7.26975892263315,184,50,16,276,"High Cascades Ranger District proxy","cone",2.42
2019,"Ponderosa pine","rule","foliage_only",11058.6923670335,38.4736323234123,2664.15676710331,19453.2279669636,183,4254.68064106972,0.0296703436191837,37.4989958974542,372718.715663385,7.26975892263315,184,50,16,276,"High Cascades Ranger District proxy","cone",2.42
2019,"Shasta red fir (with California and noble)","reach","boughs",22579.5180416007,36.5460207238298,6298.39074751267,38860.6453356888,183,8251.91534282429,0.0605805855534045,36.3081866235705,372718.715663385,7.26975892263315,184,52,20,633,"High Cascades Ranger District proxy","cone",2.42
2019,"Shasta red fir (with California and noble)","reach","foliage_only",6553.42184120859,35.3845852412791,1978.20226665526,11128.6414157619,183,2318.90113762306,0.0175827549457624,35.1409400291622,372718.715663385,7.26975892263315,184,52,20,633,"High Cascades Ranger District proxy","cone",2.42
2019,"Shasta red fir (with California and noble)","rule","boughs",42143.9138496146,30.7929084018058,16539.4737388764,67748.3539603529,183,12977.3367886478,0.113071633053373,30.5217445487694,372718.715663385,7.26975892263315,184,52,24,633,"High Cascades Ranger District proxy","cone",2.42
2019,"Shasta red fir (with California and noble)","rule","foliage_only",11147.1532889292,30.9210251956425,4346.54804561723,17947.7585322412,183,3446.8140770667,0.0299076832487172,30.6548123660059,372718.715663385,7.26975892263315,184,52,24,633,"High Cascades Ranger District proxy","cone",2.42
2019,"Western white pine","reach","boughs",2433.94169317223,57.8529509950344,-344.270383048001,5212.15376939245,183,1408.10709499864,0.0065302373905216,57.7545680939135,372718.715663385,7.26975892263315,184,33,4,79,"High Cascades Ranger District proxy","cone",2.42
2019,"Western white pine","reach","foliage_only",1029.5334000215,58.5849008044971,-160.490948638723,2219.55774868171,183,603.151121151759,0.00276222619566896,58.4896023036395,372718.715663385,7.26975892263315,184,33,4,79,"High Cascades Ranger District proxy","cone",2.42
2019,"Western white pine","rule","boughs",17677.3388165403,45.899941876878,1668.54063665328,33686.1369964273,183,8113.88824217079,0.0474280954340519,46.020416877661,372718.715663385,7.26975892263315,184,33,10,79,"High Cascades Ranger District proxy","cone",2.42
2019,"Western white pine","rule","foliage_only",3524.54654608689,39.3463924431386,788.409302390866,6260.68378978292,183,1386.78191586443,0.00945631758741631,39.3915534990404,372718.715663385,7.26975892263315,184,33,10,79,"High Cascades Ranger District proxy","cone",2.42
2019,"White and grand fir","reach","boughs",81905.0665483889,21.57317715473,47042.8829810627,116767.250115715,183,17669.5251051834,0.219750345518898,19.6989515718306,372718.715663385,7.26975892263315,184,148,76,1526,"High Cascades Ranger District proxy","cone",2.42
2019,"White and grand fir","reach","foliage_only",34134.1543933238,19.8158750546352,20788.7385258987,47479.5702607488,183,6763.98138553733,0.0915815411430841,17.9272783388296,372718.715663385,7.26975892263315,184,148,76,1526,"High Cascades Ranger District proxy","cone",2.42
2019,"White and grand fir","rule","boughs",242898.497687314,15.0091197739689,170968.547418018,314828.44795661,183,36456.92644706,0.651693857806389,13.123122969051,372718.715663385,7.26975892263315,184,148,97,1526,"High Cascades Ranger District proxy","cone",2.42
2019,"White and grand fir","rule","foliage_only",80004.6155012964,14.9595600454645,56390.9410461601,103618.289956433,183,11968.3384950594,0.214651457356789,12.984325985451,372718.715663385,7.26975892263315,184,148,97,1526,"High Cascades Ranger District proxy","cone",2.42
2019,"Combined","reach","boughs",265573.293210378,13.8639554022308,192929.040644707,338217.545776048,183,36818.9629309225,0.712530071739745,11.9198115530922,372718.715663385,7.26975892263315,184,182,112,4751,"High Cascades Ranger District proxy","cone",2.42
2019,"Combined","reach","foliage_only",91513.0898217972,13.6808154397148,66811.4997009107,116214.679942684,183,12519.7369217005,0.245528560751013,11.6060249977457,372718.715663385,7.26975892263315,184,182,112,4751,"High Cascades Ranger District proxy","cone",2.42
2019,"Combined","rule","boughs",670615.574024052,11.1700798888121,522820.614725764,818410.533322341,183,74908.2953653024,1.79925382290088,9.23280239052711,372718.715663385,7.26975892263315,184,182,137,4751,"High Cascades Ranger District proxy","cone",2.42
2019,"Combined","rule","foliage_only",192652.764790623,11.2520895382717,149882.87477931,235422.654801937,183,21677.4615921969,0.516885138026217,9.14879291213026,372718.715663385,7.26975892263315,184,182,137,4751,"High Cascades Ranger District proxy","cone",2.42
